{"(0.005, 16, 16)": [0.004952732423315465, 4.34580274050607], "(0.005, 16, 15)": [0.004955654038016567, 4.363687285895111], "(0.005, 16, 14)": [0.00496228550770657, 4.379945330738172]}